Hata Numarası, Zaman Bilgisi, Kullanıcı Bilgisi, Ürün Bilgisi, Hata Mesajı
1735958097,Cts 04 Oca 2025 05:34:57 +03,Hatalı giriş: Ürün adı ve kategori boşluk içermemelidir.
1736050741,Paz 05 Oca 2025 07:19:01 +03,Ürün ekleme işlemi iptal edildi.
1736058542,Paz 05 Oca 2025 09:29:02 +03,Ürün bulunamadı: 
1736058552,Paz 05 Oca 2025 09:29:12 +03,Ürün bulunamadı: 
1736058562,Paz 05 Oca 2025 09:29:22 +03,Ürün bulunamadı: 
1736058848,Paz 05 Oca 2025 09:34:08 +03,Ürün ekleme işlemi iptal edildi.
1736096659,Paz 05 Oca 2025 20:04:19 +03,Böyle bir ürün bulunmakta. Başka bir ürün bilgisi girin lütfen!
1736097024,Paz 05 Oca 2025 20:10:24 +03,Hata : Stok miktarı, minimum stok miktarı ve fiyat pozitif sayı olmalıdır.
1736097060,Paz 05 Oca 2025 20:11:00 +03,Bu ürün ve kategori zaten mevcut. Başka bir ürün bilgisi girin lütfen!
1736099358,Paz 05 Oca 2025 20:49:18 +03,Hata : Stok miktarı, minimum stok miktarı ve fiyat pozitif sayı olmalıdır.
1736099838,Paz 05 Oca 2025 20:57:18 +03,Hata : Stok miktarı, minimum stok miktarı ve fiyat pozitif sayı olmalıdır.
1736100214,Paz 05 Oca 2025 21:03:34 +03,Hata : Stok miktarı, minimum stok miktarı ve fiyat pozitif sayı olmalıdır.
